{
  "metadata": {
    "dataset": "Half Ironman / IRONMAN 70.3",
    "date_generated": "2026-02-12 17:30:03",
    "description": "Run fade prediction model: predicts how run time is affected by bike effort",
    "total_records": 50000,
    "training_records": 50000,
    "units": "run_fade is ratio (actual_run_time / median_run_time for cohort)",
    "bike_intensity_definition": "BikeTime / cohort_median_bike (1.0 = median effort, >1.0 = harder than peers)"
  },
  "linear_regression": {
    "r2_score": 0.8342482336616915,
    "rmse": 0.08318272659179254,
    "coefficients": {
      "bike_intensity": -0.856381860250129,
      "gender": 0.1673710127077004,
      "age_group": -0.030264559645040805,
      "total_sec": 9.136865567943772e-05
    },
    "intercept": -0.01458754508580773,
    "interpretation": "For each unit increase in bike_intensity, run_fade increases by -0.8564. Positive values indicate greater fade with harder bike effort."
  },
  "gradient_boosting": {
    "r2_score": 0.9389833054457477,
    "rmse": 0.05046943090293629,
    "feature_importances": {
      "bike_intensity": 0.09055776962281824,
      "gender": 0.06824642504627226,
      "age_group": 0.05445827740016612,
      "total_sec": 0.7867375279307435
    },
    "interpretation": "Relative importance of each feature in predicting run fade"
  },
  "lookup_table": {
    "F_00": {
      "0.80": 1.2616,
      "0.85": 1.2506,
      "0.90": 1.2819,
      "0.95": 1.3265,
      "1.00": 1.3685,
      "1.05": 1.4129,
      "1.10": 1.3985,
      "1.15": 1.3333,
      "1.20": 1.3096,
      "1.25": 1.281,
      "1.30": 1.2189
    },
    "F_18-24": {
      "0.80": 1.0864,
      "0.85": 1.0517,
      "0.90": 1.0088,
      "0.95": 0.9703,
      "1.00": 0.9128,
      "1.05": 0.883,
      "1.10": 0.8381,
      "1.15": 0.7961,
      "1.20": 0.7724,
      "1.25": 0.7438,
      "1.30": 0.6817
    },
    "F_25-29": {
      "0.80": 1.0901,
      "0.85": 1.052,
      "0.90": 1.0085,
      "0.95": 0.9694,
      "1.00": 0.9087,
      "1.05": 0.8789,
      "1.10": 0.834,
      "1.15": 0.792,
      "1.20": 0.7683,
      "1.25": 0.7397,
      "1.30": 0.6776
    },
    "F_30-34": {
      "0.80": 1.0987,
      "0.85": 1.0599,
      "0.90": 1.0123,
      "0.95": 0.9672,
      "1.00": 0.9056,
      "1.05": 0.8757,
      "1.10": 0.8345,
      "1.15": 0.7925,
      "1.20": 0.7718,
      "1.25": 0.7405,
      "1.30": 0.6784
    },
    "F_35-39": {
      "0.80": 1.0865,
      "0.85": 1.0551,
      "0.90": 1.0023,
      "0.95": 0.9547,
      "1.00": 0.8957,
      "1.05": 0.8634,
      "1.10": 0.8172,
      "1.15": 0.7599,
      "1.20": 0.7304,
      "1.25": 0.6907,
      "1.30": 0.6284
    },
    "F_40-44": {
      "0.80": 1.0624,
      "0.85": 1.0356,
      "0.90": 0.981,
      "0.95": 0.9313,
      "1.00": 0.8755,
      "1.05": 0.8433,
      "1.10": 0.7981,
      "1.15": 0.7481,
      "1.20": 0.7188,
      "1.25": 0.6663,
      "1.30": 0.6134
    },
    "F_45-49": {
      "0.80": 1.0169,
      "0.85": 0.9978,
      "0.90": 0.9526,
      "0.95": 0.8984,
      "1.00": 0.841,
      "1.05": 0.8259,
      "1.10": 0.7764,
      "1.15": 0.7327,
      "1.20": 0.7149,
      "1.25": 0.6624,
      "1.30": 0.6298
    },
    "F_50-54": {
      "0.80": 0.9842,
      "0.85": 0.9664,
      "0.90": 0.9287,
      "0.95": 0.8843,
      "1.00": 0.8309,
      "1.05": 0.8164,
      "1.10": 0.7671,
      "1.15": 0.7265,
      "1.20": 0.6909,
      "1.25": 0.6309,
      "1.30": 0.5981
    },
    "F_55-59": {
      "0.80": 0.9608,
      "0.85": 0.9438,
      "0.90": 0.8998,
      "0.95": 0.8635,
      "1.00": 0.7997,
      "1.05": 0.7763,
      "1.10": 0.7268,
      "1.15": 0.6909,
      "1.20": 0.6536,
      "1.25": 0.6032,
      "1.30": 0.5728
    },
    "F_60-64": {
      "0.80": 0.9086,
      "0.85": 0.8916,
      "0.90": 0.8521,
      "0.95": 0.8185,
      "1.00": 0.7555,
      "1.05": 0.7403,
      "1.10": 0.6826,
      "1.15": 0.6279,
      "1.20": 0.587,
      "1.25": 0.5495,
      "1.30": 0.4973
    },
    "F_65-69": {
      "0.80": 0.8398,
      "0.85": 0.8228,
      "0.90": 0.7888,
      "0.95": 0.7577,
      "1.00": 0.7104,
      "1.05": 0.6774,
      "1.10": 0.6088,
      "1.15": 0.5541,
      "1.20": 0.5146,
      "1.25": 0.4771,
      "1.30": 0.4359
    },
    "F_70-74": {
      "0.80": 0.7665,
      "0.85": 0.7495,
      "0.90": 0.704,
      "0.95": 0.6716,
      "1.00": 0.6241,
      "1.05": 0.5871,
      "1.10": 0.5226,
      "1.15": 0.4557,
      "1.20": 0.4268,
      "1.25": 0.3893,
      "1.30": 0.3481
    },
    "F_75-79": {
      "0.80": 0.7493,
      "0.85": 0.7324,
      "0.90": 0.6869,
      "0.95": 0.6545,
      "1.00": 0.607,
      "1.05": 0.5739,
      "1.10": 0.512,
      "1.15": 0.4466,
      "1.20": 0.4176,
      "1.25": 0.3801,
      "1.30": 0.339
    },
    "F_80-84": {
      "0.80": 0.7493,
      "0.85": 0.7324,
      "0.90": 0.6869,
      "0.95": 0.6545,
      "1.00": 0.607,
      "1.05": 0.5739,
      "1.10": 0.512,
      "1.15": 0.4466,
      "1.20": 0.4176,
      "1.25": 0.3801,
      "1.30": 0.339
    },
    "M_00": {
      "0.80": 1.4696,
      "0.85": 1.4537,
      "0.90": 1.4458,
      "0.95": 1.4367,
      "1.00": 1.4406,
      "1.05": 1.4263,
      "1.10": 1.408,
      "1.15": 1.3714,
      "1.20": 1.3318,
      "1.25": 1.3035,
      "1.30": 1.2116
    },
    "M_18-24": {
      "0.80": 1.3231,
      "0.85": 1.2855,
      "0.90": 1.2311,
      "0.95": 1.1816,
      "1.00": 1.1194,
      "1.05": 1.0371,
      "1.10": 0.9914,
      "1.15": 0.9485,
      "1.20": 0.9088,
      "1.25": 0.8805,
      "1.30": 0.7675
    },
    "M_25-29": {
      "0.80": 1.3293,
      "0.85": 1.2847,
      "0.90": 1.2286,
      "0.95": 1.1786,
      "1.00": 1.1163,
      "1.05": 1.0341,
      "1.10": 0.9884,
      "1.15": 0.9454,
      "1.20": 0.9058,
      "1.25": 0.8775,
      "1.30": 0.7638
    },
    "M_30-34": {
      "0.80": 1.3378,
      "0.85": 1.2891,
      "0.90": 1.2245,
      "0.95": 1.1653,
      "1.00": 1.1065,
      "1.05": 1.0229,
      "1.10": 0.9772,
      "1.15": 0.9328,
      "1.20": 0.8955,
      "1.25": 0.8672,
      "1.30": 0.7554
    },
    "M_35-39": {
      "0.80": 1.3193,
      "0.85": 1.2707,
      "0.90": 1.1994,
      "0.95": 1.1434,
      "1.00": 1.0925,
      "1.05": 1.0115,
      "1.10": 0.9639,
      "1.15": 0.9174,
      "1.20": 0.878,
      "1.25": 0.8332,
      "1.30": 0.7264
    },
    "M_40-44": {
      "0.80": 1.2972,
      "0.85": 1.2563,
      "0.90": 1.1908,
      "0.95": 1.1354,
      "1.00": 1.0816,
      "1.05": 0.9973,
      "1.10": 0.9475,
      "1.15": 0.9045,
      "1.20": 0.8683,
      "1.25": 0.8085,
      "1.30": 0.7173
    },
    "M_45-49": {
      "0.80": 1.2439,
      "0.85": 1.2154,
      "0.90": 1.1587,
      "0.95": 1.1016,
      "1.00": 1.0465,
      "1.05": 0.9669,
      "1.10": 0.9252,
      "1.15": 0.8876,
      "1.20": 0.8599,
      "1.25": 0.8039,
      "1.30": 0.7331
    },
    "M_50-54": {
      "0.80": 1.1817,
      "0.85": 1.1624,
      "0.90": 1.1122,
      "0.95": 1.0658,
      "1.00": 1.0205,
      "1.05": 0.9565,
      "1.10": 0.9149,
      "1.15": 0.8804,
      "1.20": 0.8349,
      "1.25": 0.779,
      "1.30": 0.7081
    },
    "M_55-59": {
      "0.80": 1.1109,
      "0.85": 1.0923,
      "0.90": 1.046,
      "0.95": 1.013,
      "1.00": 0.9587,
      "1.05": 0.9077,
      "1.10": 0.8664,
      "1.15": 0.8314,
      "1.20": 0.786,
      "1.25": 0.737,
      "1.30": 0.6707
    },
    "M_60-64": {
      "0.80": 1.0383,
      "0.85": 1.0226,
      "0.90": 0.9802,
      "0.95": 0.9566,
      "1.00": 0.905,
      "1.05": 0.8618,
      "1.10": 0.8082,
      "1.15": 0.7746,
      "1.20": 0.728,
      "1.25": 0.6919,
      "1.30": 0.6038
    },
    "M_65-69": {
      "0.80": 0.9819,
      "0.85": 0.9662,
      "0.90": 0.9293,
      "0.95": 0.9098,
      "1.00": 0.8739,
      "1.05": 0.8261,
      "1.10": 0.7709,
      "1.15": 0.7425,
      "1.20": 0.7052,
      "1.25": 0.6691,
      "1.30": 0.5921
    },
    "M_70-74": {
      "0.80": 0.8862,